urls,category
http://leaksndi6i6m2ji6ozulqe4imlrqn6wrgjlhxe25vremvr3aymm4aaid.onion/,leak
https://ransomed.biz/,leak
http://izsp6ipui4ctgxfugbgtu65kzefrucltyfpbxplmfybl5swiadpljmyd.onion/,leak
http://tp5cwh6d2b5hekcg6jlhoe6mawa7dlwiv47epvnfmzuaaur2dnaa3uid.onion/,leak
http://5butbkrljkaorg5maepuca25oma7eiwo6a2rlhvkblb4v6mf3ki2ovid.onion/#list,leak
http://direwolfcdkv5whaz2spehizdg22jsuf5aeje4asmetpbt6ri4jnd4qd.onion/,leak
http://lockbit4lahhluquhoka3t4spqym2m3dhe66d6lr337glmnlgg2nndad.onion/,leak
https://www.ransomware.live/,leak
http://pdcizqzjitsgfcgqeyhuee5u6uki6zy5slzioinlhx6xjnsw25irdgqd.onion,leak
http://vmjfieomxhnfjba57sd6jjws2ogvowjgxhhfglsikqvvrnrajbmpxqqd.onion,leak
http://orca66hwnpciepupe5626k2ib6dds6zizjwuuashz67usjps2wehz4id.onion,leak
http://bashete63b3gcijfofpw6fmn3rwnmyi5aclp55n6awcfbexivexbhyad.onion,leak
http://47glxkuxyayqrvugfumgsblrdagvrah7gttfscgzn56eyss5wg3uvmqd.onion,leak
https://worldleaksartrjm3c6vasllvgacbi5u3mgzkluehrzhk2jz4taufuid.onion/companies/7802061314,leak
http://termiteuslbumdge2zmfmfcsrvmvsfe4gvyudc5j6cdnisnhtftvokid.onion/,leak
http://silentbgdghp3zeldwpumnwabglreql7jcffhx5vqkvtf2lshc4n5zid.onion/,leak
http://twniiyed6mydtbe64i5mdl56nihl7atfaqtpww6gqyaiohgc75apzpad.onion/,leak
http://imncrewwfkbjkhr2oylerfm5qtbzfphhmpcfag43xc2kfgvluqtlgoid.onion/,leak
http://gunrabxbig445sjqa535uaymzerj6fp4nwc6ngc2xughf2pedjdhk4ad.onion/,leak
http://z3wqggtxft7id3ibr7srivv5gjof5fwg76slewnzwwakjuf3nlhukdid.onion/blog,leak
http://lockbit7z4ndl6thsct34yd47jrzdkpnfg3acfvpacuccb45pnars2ad.onion/,leak
http://om6q4a6cyipxvt7ioudxt24cw4oqu4yodmqzl25mqd2hgllymrgu4aqd.onion/,leak
http://sarcomawmawlhov7o5mdhz4eszxxlkyaoiyiy2b5iwxnds2dmb4jakad.onion/,leak
http://j3dp6okmaklajrsk6zljl5sfa2vpui7j2w6cwmhmmqhab6frdfbphhid.onion/,leak
http://rnsmwareartse3m4hjsumjf222pnka6gad26cqxqmbjvevhbnym5p6ad.onion/,leak
http://rhysidafohrhyy2aszi7bm32tnjat5xri65fopcxkdfxhi4tidsg7cad.onion/,leak
http://ijzn3sicrcy7guixkzjkib4ukbiilwc3xhnmby4mcbccnsd7j2rekvqd.onion/,leak
http://nitrogenczslprh3xyw6lh5xyjvmsz7ciljoqxxknd7uymkfetfhgvqd.onion,leak
http://mydatae2d63il5oaxxangwnid5loq2qmtsol2ozr6vtb7yfm5ypzo6id.onion/blog,leak
http://lynxblogco7r37jt7p5wrmfxzqze7ghxw6rihzkqc455qluacwotciyd.onion/leaks,leak
http://lockbit7z2jwcskxpbokpemdxmltipntwlkmidcll2qirbu7ykg46eyd.onion/,leak
http://krakenccj3wr23452a4ibkbkuph4d6soyx2xgjoogtuamc3m7u7wemad.onion/,leak
http://incblog6qu4y4mm4zvw5nrmue6qbwtgjsxpw6b7ixzssu36tsajldoad.onion/blog/disclosures/67f4f6f0516e69ca615e9bf1,leak
http://embargobe3n5okxyzqphpmk3moinoap2snz5k6765mvtkk7hhi544jid.onion/#/,leak
http://34o4m3f26ucyeddzpf53bksy76wd737nf2fytslovwd3viac3by5chad.onion/leaks,leak
http://blogvl7tjyjvsfthobttze52w36wwiz34hrfcmorgvdzb6hikucb7aqd.onion/news.php?page=1,leak
http://z6wkgghtoawog5noty5nxulmmt2zs7c3yvwr22v4czbffdoly2kl4uad.onion/,leak
http://j5o5y2feotmhvr7cbcp2j2ewayv5mn5zenl3joqwx67gtfchhezjznad.onion/,leak
http://ciphbitqyg26jor7eeo6xieyq7reouctefrompp6ogvhqjba7uo4xdid.onion/,leak
http://hptqq2o2qjva7lcaaq67w36jihzivkaitkexorauw7b2yul2z6zozpqd.onion/list,leak
http://yrz6bayqwhleymbeviter7ejccxm64sv2ppgqgderzgdhutozcbbhpqd.onion/,leak
http://intelrepository.com/,leak
http://zohlm7ahjwegcedoz7lrdrti7bvpofymcayotp744qhx6gjmxbuo2yid.onion/,leak
https://synscan.net/breaches-index,leak
https://www.dehashed.com/data,leak
http://ks5424y3wpr5zlug5c7i6svvxweinhbdcqcfnptkfcutrncfazzgz5id.onion/posts.php,leak
http://nsalewdnfclsowcal6kn5csm4ryqmfpijznxwictukhrgvz2vbmjjjyd.onion/,leak
http://7ukmkdtyxdkdivtjad57klqnd3kdsmq6tp45rrsxqnu76zzv3jvitlqd.onion/,leak
http://cicadabv7vicyvgz5khl7v2x5yygcgow7ryy6yppwmxii4eoobdaztqd.onion/,leak
http://vkvsgl7lhipjirmz6j5ubp3w3bwvxgcdbpi3fsbqngfynetqtw4w5hyd.onion/,leak
http://black3gnkizshuynieigw6ejgpblb53mpasftzd6pydqpmq2vn2xf6yd.onion/,leak
http://3ev4metjirohtdpshsqlkrqcmxq6zu3d7obrdhglpy5jpbr7whmlfgqd.onion/,leak
https://leak-lookup.com/breaches#phonemondo-com,leak
https://b1nd.net/resources/,leak
https://www.csidb.net/csidb/actors/88d6ccdf-1758-4014-b7ff-bfdffb7c2c1e/,leak
https://www.ransomlook.io/leaks,leak
http://ransomocmou6mnbquqz44ewosbkjk3o5qjsl3orawojexfook2j7esad.onion/,leak
https://handala-hack.to/,leak
http://nerqnacjmdy3obvevyol7qhazkwkv57dwqvye5v46k5bcujtfa6sduad.onion/,leak
http://ebhmkoohccl45qesdbvrjqtyro2hmhkmh6vkyfyjjzfllm3ix72aqaid.onion/leaks.php,leak
http://rnsm777cdsjrsdlbs4v5qoeppu3px6sb2igmh53jzrx7ipcrbjz5b2ad.onion/index2.html,leak
https://ransom.wiki/,leak
https://zone-xsec.com/archive/page=1,leak
http://tzhwmgguyxrg6q3tu4q3gvopcjynrhw6ryx2bdl5ghisdkyunfua5xyd.onion/,leak
http://224uqojvbrdcnd3lozruhpdkq7luucwjbwxwmoj4hslhwsh6lnwqzyad.onion/,other
http://33buewrpzrfpttl7kerqvtvzyo3ivumilwwmeqjryzajusltibaqc6ad.onion/,other
http://3bu5sy446zbvqugbomvulx4ev43s2tgqcilvsg5oqlvguuziutljzgad.onion/,other
http://3diyitjbsid5zz6roxmvxzj2vdma3cfkrtlacusz2eag4yyezecsufad.onion/,other
http://3ewfgrt4gzfccp6bnquhqb266r3zepiqpnsk3falwygkegtluwuyevid.onion/,other
http://3m2pgmhdsgrneurfbi5oxelzbytcgxaeajsmtxuijhen3l3asu3c5yad.onion/en,other
http://3rxmd6axktknjyf6cygtllkimldw5vfxveylmprvtmszb5gmmmuuheyd.onion/,other
http://3sxff6dnurayvdzzdte7vdzaodc4psgimnn5uswkhr6llhcyy5gfsvad.onion/,other
https://3vynrelomm3k43lqhetkztg2o25eif4hrppodo225gqhvglxv3bc7jqd.onion/,other
http://3wisi2bfpxplne5wlwz4l5ucvsbaozbteaqnm62oxzmgwhb2qqxvsuyd.onion/,other
http://2222jzj4mec63vhvtsj3m3sk4wipoizepc2elo6qwauo3r3jhsjyd6yd.onion/,other
http://2222fxq4bynppoi3qj2j2nuiib73b6n4kt46rdhqu6oo3te4gwezp3qd.onion/,other
http://2222jzj4mec63vhvtsj3m3sk4wipoizepc2elo6qwauo3r3jhsjyd6yd.onion/,other
http://2xjmhc3m47gs4vw24i5yv2hjwd4iv7nknm24fogzec3dxu4yjucsewqd.onion/,other
http://22ksufca6uje57kyst2proyk2vb3i7xpaionbedecr7vxocrtskh53ad.onion/,other
http://22qodyojw57gqamy2shm3pf2ggfphiixw3uu4aoe2dppj2dovn7nmeyd.onion/,other
http://22rob5wnhh5d4lwrdxn5zpeturcu2jnqgwcuctvmkbeo7ox6uoie2fad.onion/,other
http://22tojepqmpah32fkeuurutki7o5bmb45uhmgzdg4l2tk34fkdafgt7id.onion/,other
http://22vz5amnx26kmpcddzivkia4665datnzuvvuoju27zhh6nhsqke527yd.onion/,other
237fsfvwsebq7esvusa73avmzj6hcymgtgfefm4qqzdpra5w62q5a4id.onion,other
http://23mjzlihsendhezsiqmqw5d3q57cavon4wjgtt5njzg2gfbh2a27znyd.onion/,other
http://23p3sfylwn4viy7wcxsu6tsbrz66nmuedt343j4znq4rp5hjciua4vqd.onion/,other
http://245bsgk3d4t3nyl333nb2qhm55xkdk7cncnfst65zo4vbmdqkmraz6id.onion/,other
http://24qbbk6mmrjktsr56inw7e3gzzokyoi7syupkjq6eiua6sdquhbahhad.onion/,other
http://253nzrontcierpiv4llvfvpueclb6wck2tudsmdgmjt72t2lphfsxpad.onion/,other
http://3f552hdcxvz4xi65iw56h4lemiyvps7yk6gym7hun52enmjslg2o6rqd.onion/,other
http://265afzheuc4hplzqmdtzxb37t25hglursj3kf7mjpoyazvnnszrtb5ad.onion/,other
http://26hcu4advrprwv5sgqsmszssxu7ga2wrc2o7hjcqnzpc3klrg6kdmhid.onion/,other
http://26j76zexxthe7cdemcarotfvb6bq7fwuj5y4uerfkmsugrubt6sxviad.onion/,other
http://26ljjgt5f43euekvrdvvpwgurmbw7ruaxun4ttisw7kscjvu6fswdeqd.onion/,other
http://27bpwh4budb6oayluqumxopwryuufaycckuw4546o247yrqq34glsyqd.onion/,other
http://27ezycbepl3hfy5evofi4ctoj3n7b3pwovtnxozazu7xlvsehlvriyad.onion/,other
http://27spusm7f4guredslrpjzvln4ctq3rcaoed5oszfkkbqhzuzsqq3xrad.onion/,other
http://27tlyolm76xbishxguyy4rvmc5ghl2az5ocvazx66ubjc2p4lgcd2mad.onion/,other
http://27wyhuamw5mcwqdtc3t3i6jpes6m66glmxjtgx7mpkhplniituxin6qd.onion/,other
http://27zjwyzy2fykq7xwgzi5jjmrzaewvqh2b2447e5mwas5em2b5luseiqd.onion/,other
http://2aguvc2t2xvahpdgwl7k7q3wrimcfktrnn4brx7wcr5ndrg6iz7vefad.onion/,other
http://2bcbla34hrkp6shb4myzb2wntl2fxdbrroc2t4t7c3shckvhvk4fw6qd.onion/,other
http://2bgeu4ycpbuuq3n754jzu4dbtxrau2lky7szezskgjce33sth7xyntad.onion/,other
http://2bia2onkcut54hdsqqc3dypu6exezgfoelrrjwpnkfvg633ax4wz5wyd.onion/,other
http://2bmcwqsq6o7hfa7lsfmvthrtn5lyppvwsdj5mba435ofudreswybbvqd.onion/,other
http://2bovrx72b6uxp4phue2kufll3qyispa6rnngeeu23x5hdgvcj35cytqd.onion/,other
http://3wnnh7ayiqf6k52uslnkzbgqjwxag4s7bluobnkboo75mk42pof7ijqd.onion/,other
http://2bvy5gdwuudxgodmvlfpxg52ammhmxzx7nc3vvivlvq6ujjnv7ny3hyd.onion/,other
http://2c57peyk4w6h2yr4hk7hucq3nz2tkwbescc7xuqbeijt5se2rstjprid.onion/,other
http://2ceiaa37hsmmk3japczvc4b6wnralj64qpf7ywfheircq3ht3rwus6ad.onion/,other
http://2cmfhbscfbruggyqwbr7g2oa3fx3ckjqinujtuqlygcoxotpnb3sclqd.onion/,other
http://2cn73257yggyhrmvcstlay5y3dsmikdd6ymcoumaivoch76d6gnjtiid.onion/,other
http://2crftbzxbcoqolvzreaaeyrod5qwycayef55gxgzgfcpqlaxrnh3kkqd.onion/,other
http://2edx5pnmwm26mhrqxhkfbxbupbdhnufbmjk2lkpvs2bx55hbmtbhrmad.onion/,other
http://4f4efsa3pe64ma3wighpu7kmvsxwrn446qp6jble243wf2ly6chrfwid.onion/,other
http://2ev6kqzhbeunwggycxvbucx4tf73ahczqa6xcpmtswexp7qu4bd65myd.onion/,other
http://2ezyofc26j73hv3xxvsrnbc23dqxhgxqtk5ogcc7y6j5t6rlqquvhzid.onion/,other
http://2f7r6tjb5mg7jangsnn3xaccep22rhc4cxlab3ehicj7feu5qjjqcwad.onion/,other
http://2f7wuclkuz2fspquoe3qlqyzyjilqlsyiz5mihjzyz22e66n4le4saad.onion/,other
http://2hek7b3bml77x7q2uvsqcmzoagb2gw5gf2oqaqhue7tfipfby3bhmzqd.onion/,other
http://2hsm2rbcw64i433blnrn6aadmjsujjpspdz5d3fyyepw4re44v2y5eid.onion/,other
http://2ij4h4jqkuaapnta43oakcpfcaibyg7jcjh2lqkg2sfj3ihrsmfmtdqd.onion/,other
http://2iuqaneelp3ggqgjjqfdqddhdrxvxllyala7kovmb2odlqnqnqbsxfad.onion/,other
http://2j76qxuzlmapf7hgsyspjyak36jhllnnujrewhgyiyexsousy5hbnqad.onion/,other
http://2jmbmcflllt72eqhu553bibzho7rigxhqreqstef6zg2iqrv3cj2aaid.onion/,other
http://2jwcnprqbugvyi6ok2h2h7u26qc6j5wxm7feh3znlh2qu3h6hjld4kyd.onion/,other
http://2jxpke2o5zfvfbopfdj6xyb7ucrd36nyfz7fiwiuqmqp7t4qnf7cyyqd.onion/,other
http://2k73p5ku45ox4attf3v6a4yit6gfdxjd7kiwvxqcrz6fw37gm6acgxqd.onion/,other
http://2kfwh535ntg7nmcre65zy223t4wqsqulyvxp2apcptwtvo6bt2j3a7qd.onion/,other
http://2l5cyiglloaimmacm6ulai62yqg344nwo3enyxx7vhgk3655ujin52yd.onion/,other
http://2ln3x7ru6psileh7il7jot2ufhol4o7nd54z663xonnnmmku4dgkx3ad.onion/,other
http://2mqeepkwhpadzjd6o3iktot4loebjzmbffbvkuq3huiunay7co7vorad.onion/,other
http://2mthvthehj7w64qftegqrv4eowyqcidnjbo23esohcj6y5kpyww374qd.onion/,other
http://2nhk4glwvh35tlv66wckm3bd3r5kl5vbt7oex5t7oi7lrh3rh72afzid.onion/,other
http://2nmmsf3vfcgxg2m7g65elvtdonx7twqt5iwre5hynnocpj3snhrlogyd.onion/,other
http://2nxpboa3ya52j5au4gxwkdt4nxoh5g4y4f3tuqedlza46y35jmv6doid.onion/,other
http://2ofeyrdn7grjb3qrutz63e3odjtuvvlysaxhtiyhojyfauleu6fxpcqd.onion/,other
http://2ovlzrhesbifsyrigjhkc2evey4h7jsokvjhzyq6h46hcdnn4ry3uyad.onion/,other
http://2p3edjjjom7q4hj7obxhbo7s6x4vrugi7xo2yvyyhmzmbyjecokhpqyd.onion/,other
http://2ptiqpat72arh757vmedx7erbbbkdgqlxv53hsqt4cymypo2k5y577ad.onion/,other
http://2puscg2tm56hhhsbkbpamfjxegzwkffaka7ioa6edh4i55ijj5f66eid.onion/,other
http://2pyimbpxocupne6nbekma4dygkobl36sblei6ttknbm4kfh3r7jlpzyd.onion/,other
http://2q443slhwk7j4hl4c4dzxmyf6ukowqx7bxcmiab3srtvdwkdcty4adad.onion/,other
http://2rjrvmrrqr32445ps2c5hzh23awyx3bd6ynwvgacn3ymfdaejizelyid.onion/,other
http://gl6shxg7gj5rwva3l4suuh2jykxnyeuhoszjk7hddn2e2atkvnvifmad.onion/,other
http://gknzgjo3fjdjewpdme6sag53cnijmxon3s5alm5qxdhapbna7h6iw7ad.onion/,other
http://germany2igel45jbmjdipfbzdswjcpjqzqozxt4l33452kzrrda2rbid.onion/,other
http://germaniafo7ythczg3iul7yk3cbfpb3z5e47mssr2ugen756xjznbsad.onion/,other
http://gecnr4j4vcbx5ppbl4ktzdbiz4xw7in62ox7mgyzsapclyykkisl5yyd.onion/,other
http://gdaekez737jzmgxgjv3ls2g23as3xco6rboqsnstj2clguek44ntnzad.onion/,other
http://gbutqqvwym7j7raesrcbt7jraislw2g5kjpknwbfeqesms637yrliaid.onion/,other
http://gatpy3gevrub3csftzognlqiswogx3jq5plhdhkemrjgucrnr3dnheqd.onion/,other
http://garantorfvxe6axzkzi66dptnfuo33tlvt7fghvhiwb4drzjqagqtpid.onion/,other
http://garantocclzcp6tiuvzzn4xhjnrwpknimws7cbcww6xxpnryvgt23lid.onion/,other
http://cpsexbodrhwzm3xjvnmpntdibf5ibtxhdo2wfw2dagvzc7gcggrqxqid.onion/,other
http://2qesoofmdj7mzkmwyqycni4jliooujyane6pui57xmjym6qu5enfvqad.onion/,other
http://3bw24dqejqqek2vekxef2v6ym5bf2lar5ebpfduiwbzwwq7l7ztpmiid.onion/,other
http://3rh3mefwc5g7p2f4rjntrkaf3rjoygvehsfqmle6zu54svxavjaqjdid.onion/,other
http://3spveue46jt5fewiwimqvtqyoashoel7sjl3c6zgynnwkqvt547itbyd.onion/,other
http://4j62ujhp5dvg73giz4cquzianwekhw5dvlxegvxvuuhscmtdpgyhbnad.onion/,other
http://5mgtxpk73auawog65n2jdcb5ratv723glrdm3ssg7qaztyg6kxrp5yqd.onion/,other
http://5xmlqu2anbuzfzdzalvgufxqncjyi5gwktuovjbsfvjfcn3h7tca5yad.onion/,other
http://5eddus3twboocqlalhffrufkzepbmcveqs5rg6z2ytzthv37bgrgqead.onion/,other
http://5yerfurvgygdtplnuafm6uxdtzdfhsno6gvb55twa52d77qkkfuxt2qd.onion/,other